client_id,client_name,company_name,tel,email
1,Lew Renshall,Steuber Group,943-561-9892,lrenshall0@pcworld.com
2,Torey Vaissiere,Hermiston-Olson,284-981-9574,tvaissiere1@ca.gov
3,Artus Barratt,"Homenick, Shanahan and MacGyver",373-484-7307,abarratt2@nyu.edu
4,Aharon Bulle,"Steuber, Lemke and Keeling",354-906-0771,abulle3@tuttocitta.it
5,Onida Vignal,Wiegand-Schmeler,448-109-2231,ovignal4@npr.org
6,Kinnie Gamon,Batz-Sauer,921-711-5968,kgamon5@irs.gov
7,Fiorenze Langdridge,Gulgowski LLC,329-423-2236,flangdridge6@squidoo.com
8,Edvard Phippen,Frami-Rath,335-345-1901,ephippen7@ask.com
9,Modesty Casse,"Wilderman, Gibson and Abbott",103-489-3121,mcasse8@columbia.edu
10,Brade MacMenamin,Halvorson LLC,224-759-6114,bmacmenamin9@squarespace.com
11,Sophronia Saunier,Hahn Inc,185-349-2611,ssauniera@w3.org
12,Chane Knath,"Bernhard, Stamm and Larson",711-882-2651,cknathb@jalbum.net
13,Meggi Algie,Herman-Stoltenberg,386-627-8986,malgiec@dot.gov
14,Estevan Jenne,Rogahn-Heidenreich,128-724-5329,ejenned@miibeian.gov.cn
15,Nathan Dysert,"Macejkovic, Rippin and Hintz",225-366-5130,ndyserte@histats.com
16,Gian Gilford,Botsford-Davis,414-621-7750,ggilfordf@seesaa.net
17,Lilly Edmonstone,Brakus LLC,902-516-3140,ledmonstoneg@jiathis.com
18,Martguerita Maccraw,"Herman, Predovic and Aufderhar",240-293-8058,mmaccrawh@odnoklassniki.ru
19,Zulema Howe,Simonis and Sons,788-595-0758,zhowei@sitemeter.com
20,Jodie Trewhella,"Conroy, O'Connell and Hintz",526-727-3060,jtrewhellaj@macromedia.com
